total_received,total_sent
25313.56531182,22096.207802669996
